{
  "timestamp": "2025-10-29 10:51:33",
  "n_documents": 425,
  "k_chosen": 5,
  "silhouette_sampled": {
    "3": 0.015332960560438836,
    "4": 0.03815398943768436,
    "5": 0.07710214704183423,
    "6": 0.04383238830409594,
    "7": 0.043135155111992195,
    "8": 0.06524898848736858,
    "9": 0.07034542990693218,
    "10": 0.06016676613552258
  },
  "lda_topics": 6
}